loss,loss_q0,loss_q1,loss_q2,loss_q3,mse,mse_q0,mse_q1,mse_q2,mse_q3,step
1.0269401322964904,1.3030900780463117,1.204489598040688,0.8396376113777316,0.9055378076525422,1.0269401322964904,1.3030900780463117,1.204489598040688,0.8396376113777316,0.9055378076525422,0
