,Method,Best AUC,Best Possible AUC,Zscore Sum Best AUC,Zscore Sum of Best Possible AUC
0,Loss,0.8243541666666666,0.9182604166666667,650.104037196022,650.7354902839044
1,Dist,0.8732916666666667,0.8992187500000001,659.082280076105,748.918793475162
2,LOF,0.8302708333333333,0.9189895833333334,616.7849012536132,680.6633306751102
3,Isolation,0.86134375,0.9151614583333333,674.682171314343,945.9219082260703
