loss,loss_q0,mse,mse_q0,step
0.7292169630527496,0.7292169630527496,0.7292169630527496,0.7292169630527496,0
0.7884282626956701,0.7884282626956701,0.7884282626956701,0.7884282626956701,200
