loss,loss_q0,loss_q1,loss_q2,loss_q3,mse,mse_q0,mse_q1,mse_q2,mse_q3,step
1.1178604378350492,1.1913845734265234,1.1453977863022473,1.037680417442606,1.0803549725082169,1.1178604378350492,1.1913845734265234,1.1453977863022473,1.037680417442606,1.0803549725082169,0
0.08567368651881743,0.2670240924642047,0.030563542340855655,0.023849822931416964,0.02741206609487567,0.08567368651881743,0.2670240924642047,0.030563542340855655,0.023849822931416964,0.02741206609487567,200
0.05175967720280315,0.1844006167239975,0.010341474729175858,0.006247480588750934,0.005976595512202574,0.05175967720280315,0.1844006167239975,0.010341474729175858,0.006247480588750934,0.005976595512202574,400
0.04732972049872178,0.17042741567327735,0.00915099866744185,0.004964053211413073,0.004881893392602479,0.04732972049872178,0.17042741567327735,0.00915099866744185,0.004964053211413073,0.004881893392602479,600
