loss,loss_q0,mse,mse_q0,step
0.11091487556695938,0.11091487556695938,0.11091487556695938,0.11091487556695938,0
0.14435327995754788,0.14435327995754788,0.14435327995754788,0.14435327995754788,200
