loss,loss_q0,loss_q1,loss_q2,loss_q3,mse,mse_q0,mse_q1,mse_q2,mse_q3,step
1.0796825002352866,1.0919585719053895,1.1487435536098125,1.0200000763485433,1.0680880529817791,1.0796825002352866,1.0919585719053895,1.1487435536098125,1.0200000763485433,1.0680880529817791,0
0.1902405119974657,0.409747498921677,0.11927758387820743,0.11629435723914934,0.11417828583459753,0.1902405119974657,0.409747498921677,0.11927758387820743,0.11629435723914934,0.11417828583459753,200
