loss,loss_q0,loss_q1,loss_q2,loss_q3,mse,mse_q0,mse_q1,mse_q2,mse_q3,step
1.2014373725167427,0.9512337358685995,1.261171092086372,1.4218216657505385,1.1020438132548371,1.2014373725167427,0.9512337358685995,1.261171092086372,1.4218216657505385,1.1020438132548371,0
0.3415712412952659,0.6020134191834465,0.28198624886592677,0.24761097375389862,0.2413335208384254,0.3415712412952659,0.6020134191834465,0.28198624886592677,0.24761097375389862,0.2413335208384254,100
