loss,loss_q0,loss_q1,loss_q2,loss_q3,mse,mse_q0,mse_q1,mse_q2,mse_q3,step
1.0666271268215008,0.7371647919148265,1.2769416653193184,1.6492878281760683,0.901533931106083,1.0666271268215008,0.7371647919148265,1.2769416653193184,1.6492878281760683,0.901533931106083,0
