loss,loss_q0,loss_q1,loss_q2,loss_q3,mse,mse_q0,mse_q1,mse_q2,mse_q3,step
0.9485722183973485,0.8149385801747125,0.9603831496781455,1.0009323262132432,1.0403753022949704,0.9485722183973485,0.8149385801747125,0.9603831496781455,1.0009323262132432,1.0403753022949704,0
0.15845938384843042,0.47631441884848713,0.08022684024048227,0.04079177298992998,0.04025764610235165,0.15845938384843042,0.47631441884848713,0.08022684024048227,0.04079177298992998,0.04025764610235165,200
0.12363646472868359,0.42870544850135295,0.05250681176933044,0.013124637529783401,0.010134744880883489,0.12363646472868359,0.42870544850135295,0.05250681176933044,0.013124637529783401,0.010134744880883489,400
