loss,loss_q0,loss_q1,loss_q2,loss_q3,mse,mse_q0,mse_q1,mse_q2,mse_q3,step
1.0786694286183938,1.0927581705464093,1.0476826691732362,1.1473906777672078,1.0025035562613693,1.0786694286183938,1.0927581705464093,1.0476826691732362,1.1473906777672078,1.0025035562613693,0
0.18536785206008452,0.4064696328279951,0.11546548960947806,0.11310705155590338,0.10727723531225343,0.18536785206008452,0.4064696328279951,0.11546548960947806,0.11310705155590338,0.10727723531225343,200
0.08246316804285292,0.2603352893907426,0.02221240700392833,0.02245976375097283,0.023281918876450935,0.08246316804285292,0.2603352893907426,0.02221240700392833,0.02245976375097283,0.023281918876450935,400
