loss,loss_q0,loss_q1,loss_q2,loss_q3,mse,mse_q0,mse_q1,mse_q2,mse_q3,step
1.1167825234642048,1.1663893214877077,1.0871079948818487,1.0932983216454997,1.1273430361645946,1.1167825234642048,1.1663893214877077,1.0871079948818487,1.0932983216454997,1.1273430361645946,0
