loss,loss_q0,loss_q1,loss_q2,loss_q3,mse,mse_q0,mse_q1,mse_q2,mse_q3,step
1.0716016827893,1.114170034099543,1.0229169146197905,1.0689231964195829,1.0661620187283174,1.0716016827893,1.114170034099543,1.0229169146197905,1.0689231964195829,1.0661620187283174,0
