,method,AUC
0,average knn,0.9041095890410958
1,average knn auc,0.9076712328767127
2,average lof,0.9726027397260274
3,average lof auc,0.9671232876712329
4,iforest auc,0.9178082191780822
5,loss auc,0.9315068493150684
