loss,loss_q0,loss_q1,loss_q2,loss_q3,mse,mse_q0,mse_q1,mse_q2,mse_q3,step
1.1338557135095577,1.1433994692100757,1.1063840020421818,1.0527648048776113,1.2896779292703464,1.1338557135095577,1.1433994692100757,1.1063840020421818,1.0527648048776113,1.2896779292703464,0
0.09155816998627633,0.2884796267251374,0.030395680359453576,0.025025443729478777,0.02694127762106776,0.09155816998627633,0.2884796267251374,0.030395680359453576,0.025025443729478777,0.02694127762106776,200
0.05563040220586343,0.1935641127799294,0.009779156066134073,0.006098998012377132,0.005923815419267104,0.05563040220586343,0.1935641127799294,0.009779156066134073,0.006098998012377132,0.005923815419267104,400
0.04777521210028613,0.16991770342894488,0.008695221084610214,0.004776156585567186,0.004490319209869463,0.04777521210028613,0.16991770342894488,0.008695221084610214,0.004776156585567186,0.004490319209869463,600
