loss,loss_q0,loss_q1,loss_q2,loss_q3,mse,mse_q0,mse_q1,mse_q2,mse_q3,step
1.0377469095529133,1.0100100209754346,1.0549935042591982,1.1034348190727612,0.9293945047285818,1.0377469095529133,1.0100100209754346,1.0549935042591982,1.1034348190727612,0.9293945047285818,0
0.14253898157685654,0.36265143197449173,0.07165475210971926,0.07018428425201113,0.06855553542756955,0.14253898157685654,0.36265143197449173,0.07165475210971926,0.07018428425201113,0.06855553542756955,200
0.07710091746075066,0.2551794047209784,0.02221659532761633,0.018312379455247465,0.018353597574782856,0.07710091746075066,0.2551794047209784,0.02221659532761633,0.018312379455247465,0.018353597574782856,400
