loss,loss_q0,loss_q1,loss_q2,loss_q3,mse,mse_q0,mse_q1,mse_q2,mse_q3,step
1.0618915245499236,1.0305004877662707,1.0219225909915377,1.040677127566191,1.1339894705137084,1.0618915245499236,1.0305004877662707,1.0219225909915377,1.040677127566191,1.1339894705137084,0
0.19898305622464155,0.5180349841308042,0.12114832042657765,0.07912533753048234,0.08120863553866793,0.19898305622464155,0.5180349841308042,0.12114832042657765,0.07912533753048234,0.08120863553866793,200
0.13831592411709098,0.44373458134106325,0.06372359201659482,0.025314612996111003,0.02206532785916615,0.13831592411709098,0.44373458134106325,0.06372359201659482,0.025314612996111003,0.02206532785916615,400
