loss,loss_q0,mse,mse_q0,step
1.1081635439395907,1.1081635439395907,1.1081635439395907,1.1081635439395907,0
0.8935397558942411,0.8935397558942411,0.8935397558942411,0.8935397558942411,200
