loss,loss_q0,mse,mse_q0,step
0.6780222654342651,0.6780222654342651,0.6780222654342651,0.6780222654342651,0
0.7657740171998745,0.7657740171998745,0.7657740171998745,0.7657740171998745,200
