loss,loss_q0,loss_q1,loss_q2,loss_q3,mse,mse_q0,mse_q1,mse_q2,mse_q3,step
1.1531323524268227,1.4063663957991,0.8395788260767963,1.1266028378137816,1.075452333660492,1.1531323524268227,1.4063663957991,0.8395788260767963,1.1266028378137816,1.075452333660492,0
0.3638591737090253,0.6119892075557823,0.30175737657627,0.2685525002825863,0.278218877401386,0.3638591737090253,0.6119892075557823,0.30175737657627,0.2685525002825863,0.278218877401386,100
