loss,loss_q0,loss_q1,loss_q2,loss_q3,mse,mse_q0,mse_q1,mse_q2,mse_q3,step
1.12951626863732,1.5457284539153924,1.2354776252867827,0.56919479201895,1.3770425028538207,1.12951626863732,1.5457284539153924,1.2354776252867827,0.56919479201895,1.3770425028538207,0
