loss,loss_q0,mse,mse_q0,step
0.71027656942606,0.71027656942606,0.71027656942606,0.71027656942606,0
0.4679157227210713,0.4679157227210713,0.4679157227210713,0.4679157227210713,200
