loss,loss_q0,loss_q1,loss_q2,loss_q3,mse,mse_q0,mse_q1,mse_q2,mse_q3,step
1.0827524204012153,1.0162473020566263,1.0619772546408552,1.1551131082058732,1.0399977052807199,1.0827524204012153,1.0162473020566263,1.0619772546408552,1.1551131082058732,1.0399977052807199,0
0.16050847683112338,0.4743814467037408,0.08484543205911066,0.04456507696730821,0.0374328695795618,0.16050847683112338,0.4743814467037408,0.08484543205911066,0.04456507696730821,0.0374328695795618,200
0.12277615372109765,0.4142551545507478,0.05246437345317094,0.01299839471712045,0.010021091217334776,0.12277615372109765,0.4142551545507478,0.05246437345317094,0.01299839471712045,0.010021091217334776,400
