loss,loss_q0,loss_q1,loss_q2,loss_q3,mse,mse_q0,mse_q1,mse_q2,mse_q3,step
1.105267004430724,1.0771164034548188,1.160612244725625,1.0998096652445275,1.0728244788513583,1.105267004430724,1.0771164034548188,1.160612244725625,1.0998096652445275,1.0728244788513583,0
0.13737981183690104,0.34771021645317607,0.0741946031708355,0.06381825891471764,0.0674806450317656,0.13737981183690104,0.34771021645317607,0.0741946031708355,0.06381825891471764,0.0674806450317656,200
0.07510455023746855,0.2430537042212196,0.021784190682013285,0.017924341019453838,0.01764102033952652,0.07510455023746855,0.2430537042212196,0.021784190682013285,0.017924341019453838,0.01764102033952652,400
