loss,loss_q0,mse,mse_q0,step
0.21768004231154928,0.21768004231154928,0.21768004231154928,0.21768004231154928,0
0.22712763650398757,0.22712763650398757,0.22712763650398757,0.22712763650398757,200
