loss,loss_q0,loss_q1,loss_q2,loss_q3,mse,mse_q0,mse_q1,mse_q2,mse_q3,step
1.0671385316579576,0.9605135044754547,1.1239756085272767,1.0957613553690562,1.1120754294635469,1.0671385316579576,0.9605135044754547,1.1239756085272767,1.0957613553690562,1.1120754294635469,0
0.14582449517991167,0.37016700832299876,0.07300691924783806,0.06686094712980355,0.06858818029624099,0.14582449517991167,0.37016700832299876,0.07300691924783806,0.06686094712980355,0.06858818029624099,200
