loss,loss_q0,loss_q1,loss_q2,loss_q3,mse,mse_q0,mse_q1,mse_q2,mse_q3,step
0.09514398853157714,0.3242456320415041,0.04440105427609812,0.005864382191044785,0.002391520549048736,0.09514398853157714,0.3242456320415041,0.04440105427609812,0.005864382191044785,0.002391520549048736,0
0.13302981960138802,0.4593479211900473,0.058943420748521824,0.0063319013262804575,0.0023193842351374077,0.13302981960138802,0.4593479211900473,0.058943420748521824,0.0063319013262804575,0.0023193842351374077,200
