loss,loss_q0,loss_q1,loss_q2,loss_q3,mse,mse_q0,mse_q1,mse_q2,mse_q3,step
1.0841752760804626,1.0044965978501423,1.1445117202216357,1.1488754467037658,1.0329389354382668,1.0841752760804626,1.0044965978501423,1.1445117202216357,1.1488754467037658,1.0329389354382668,0
0.4288160194676353,0.6381562993637364,0.3747889023561839,0.34896644649001707,0.3478433663164032,0.4288160194676353,0.6381562993637364,0.3747889023561839,0.34896644649001707,0.3478433663164032,200
0.10628846523348118,0.3737061719938992,0.017594473659888504,0.01942295469546756,0.02101150430547852,0.10628846523348118,0.3737061719938992,0.017594473659888504,0.01942295469546756,0.02101150430547852,400
0.10355512788293729,0.3601777209698167,0.016333526883640852,0.01831304253793222,0.01958382914448361,0.10355512788293729,0.3601777209698167,0.016333526883640852,0.01831304253793222,0.01958382914448361,600
0.0989273562545589,0.34988802017816323,0.016564533453127108,0.016777784572192214,0.017686908540447875,0.0989273562545589,0.34988802017816323,0.016564533453127108,0.016777784572192214,0.017686908540447875,800
0.0979673909377336,0.33506927887650767,0.016299660998935286,0.015602543893586663,0.0167535816397579,0.0979673909377336,0.33506927887650767,0.016299660998935286,0.015602543893586663,0.0167535816397579,1000
