loss,loss_q0,loss_q1,loss_q2,loss_q3,mse,mse_q0,mse_q1,mse_q2,mse_q3,step
0.098593385850545,0.3493248391151427,0.03743197895586491,0.005383571777492762,0.0022331535536795847,0.098593385850545,0.3493248391151427,0.03743197895586491,0.005383571777492762,0.0022331535536795847,0
0.13564728582388472,0.472864519070835,0.06134526264136647,0.006130899300263294,0.0022484622830757995,0.13564728582388472,0.472864519070835,0.06134526264136647,0.006130899300263294,0.0022484622830757995,200
