,Method,Best AUC,Best Possible AUC,Zscore Sum Best AUC,Zscore Sum of Best Possible AUC
0,Loss,0.8982692010508422,0.9938958429918096,499.5072631342941,585.3742229275688
1,Dist,0.9449080513058261,0.9890588780713956,439.21908593887434,629.4603777621891
2,LOF,0.9688456189151601,0.9848246020707773,498.48304461986316,617.2809806978427
3,Isolation,0.8951630350795858,0.9847936949466851,514.7342983785136,723.9816422367096
