loss,loss_q0,loss_q1,loss_q2,loss_q3,mse,mse_q0,mse_q1,mse_q2,mse_q3,step
0.871691074240796,0.9692914526630758,0.6478913946295634,1.0502130711208697,0.855262006332401,0.871691074240796,0.9692914526630758,0.6478913946295634,1.0502130711208697,0.855262006332401,0
0.06327705686588225,0.1968921714452145,0.019145033186458355,0.018288209167287243,0.019405880957684616,0.06327705686588225,0.1968921714452145,0.019145033186458355,0.018288209167287243,0.019405880957684616,200
0.02751200184930303,0.10106023798178158,0.0033496576346746573,0.002929871930578838,0.0028109371439234967,0.02751200184930303,0.10106023798178158,0.0033496576346746573,0.002929871930578838,0.0028109371439234967,400
0.020382687722825938,0.07480021937730173,0.002618507125595904,0.0025088374584508293,0.0025756166131916695,0.020382687722825938,0.07480021937730173,0.002618507125595904,0.0025088374584508293,0.0025756166131916695,600
0.022417710015603966,0.0798512819125693,0.003304252419899519,0.003136372377933412,0.0028736681446996696,0.022417710015603966,0.0798512819125693,0.003304252419899519,0.003136372377933412,0.0028736681446996696,800
0.01896979091272705,0.07045125321074501,0.0024009715226858395,0.0019469395144405127,0.0018890478223376177,0.01896979091272705,0.07045125321074501,0.0024009715226858395,0.0019469395144405127,0.0018890478223376177,1000
