loss,loss_q0,loss_q1,loss_q2,loss_q3,mse,mse_q0,mse_q1,mse_q2,mse_q3,step
1.1466770369846286,1.0908575714434852,1.1475370424000422,1.226014100836347,1.1465305496048233,1.1466770369846286,1.0908575714434852,1.1475370424000422,1.226014100836347,1.1465305496048233,0
0.20392225040275905,0.5344393290505155,0.12691413906500043,0.08223357801230008,0.08031665564050064,0.20392225040275905,0.5344393290505155,0.12691413906500043,0.08223357801230008,0.08031665564050064,200
0.1389574463922438,0.44821375129876984,0.06409259739798132,0.025916347509448077,0.02321088204890738,0.1389574463922438,0.44821375129876984,0.06409259739798132,0.025916347509448077,0.02321088204890738,400
