loss,loss_q0,loss_q1,loss_q2,loss_q3,mse,mse_q0,mse_q1,mse_q2,mse_q3,step
0.051158190022108495,0.14282077536990279,0.02663508274220601,0.001149709985027717,0.0006882052999102541,0.051158190022108495,0.14282077536990279,0.02663508274220601,0.001149709985027717,0.0006882052999102541,0
0.0181415051462455,0.06687478364888602,0.005540248434924389,0.0008666863914665778,0.0007749148064580629,0.0181415051462455,0.06687478364888602,0.005540248434924389,0.0008666863914665778,0.0007749148064580629,200
0.02177145376541173,0.07264674651728412,0.005927588967753151,0.0009353598076399037,0.0007650175254570611,0.02177145376541173,0.07264674651728412,0.005927588967753151,0.0009353598076399037,0.0007650175254570611,400
0.02147837558507747,0.07633034588170963,0.006061628547904617,0.0009663510920491873,0.0007873890545046257,0.02147837558507747,0.07633034588170963,0.006061628547904617,0.0009663510920491873,0.0007873890545046257,600
0.02108188880859441,0.07570418679352153,0.005835080887777899,0.0009447060519673951,0.0007661283738482853,0.02108188880859441,0.07570418679352153,0.005835080887777899,0.0009447060519673951,0.0007661283738482853,800
0.023512465078028646,0.08035056565932772,0.007352736379346095,0.0009084159841101355,0.0007812529228698967,0.023512465078028646,0.08035056565932772,0.007352736379346095,0.0009084159841101355,0.0007812529228698967,1000
0.02105263125792549,0.07885406623524129,0.006316063720839522,0.0009179851098000061,0.0007808385361292669,0.02105263125792549,0.07885406623524129,0.006316063720839522,0.0009179851098000061,0.0007808385361292669,1200
0.018839285991667717,0.06655870066034628,0.005696218869761669,0.0009658121241257462,0.0007713883577669785,0.018839285991667717,0.06655870066034628,0.005696218869761669,0.0009658121241257462,0.0007713883577669785,1400
0.018931444589035944,0.07422720929841138,0.006577872970679709,0.0009793986467723388,0.0007632054895033508,0.018931444589035944,0.07422720929841138,0.006577872970679709,0.0009793986467723388,0.0007632054895033508,1600
