loss,loss_q0,loss_q1,loss_q2,loss_q3,mse,mse_q0,mse_q1,mse_q2,mse_q3,step
0.16896606323017935,0.5874965569404192,0.06717145746977184,0.007075420088255398,0.002419272738227084,0.16896606323017935,0.5874965569404192,0.06717145746977184,0.007075420088255398,0.002419272738227084,0
0.14002217242715306,0.4835812227282891,0.05828336658407463,0.0063007602671396445,0.002297669055657096,0.14002217242715306,0.4835812227282891,0.05828336658407463,0.0063007602671396445,0.002297669055657096,200
