loss,loss_q0,loss_q1,loss_q2,loss_q3,mse,mse_q0,mse_q1,mse_q2,mse_q3,step
0.09528949999948966,0.29738741539991825,0.0655061537399888,0.006558547674033506,0.0022586362611036743,0.09528949999948966,0.29738741539991825,0.0655061537399888,0.006558547674033506,0.0022586362611036743,0
0.10722568030582012,0.3609361136317818,0.047483409197496565,0.0055794215293224906,0.0022317623188913274,0.10722568030582012,0.3609361136317818,0.047483409197496565,0.0055794215293224906,0.0022317623188913274,200
