loss,loss_q0,loss_q1,loss_q2,loss_q3,mse,mse_q0,mse_q1,mse_q2,mse_q3,step
tensor(1.1840, dtype=torch.float64, grad_fn=<MeanBackward0>),0.9331002898037244,0.8958611607084361,1.1676071243546602,0.871432209571261,0.967210428446041,0.9331002898037244,0.8958611607084361,1.1676071243546602,0.871432209571261,0
