steps,AUC
20000.0,0.9518796992481203
40000.0,0.9480975165185692
60000.0,0.9472317156527682
80000.0,0.9468443836864889
100000.0,0.9468671679197994
120000.0,0.9460697197539303
